date,title,description,content,source,url,title_clean,description_clean,content_clean,full_text,keywords,sp500,fed,inflation,earnings,tech,banking,recession,bull_market,bear_market,text_length,word_count,sentiment_positive,sentiment_negative,sentiment_neutral,sentiment_compound,sentiment_label
2025-11-13,Interactive service for choosing a jurisdiction for crypto businesses and startups from Gofaizen  Sherle,,Interactive service for choosing a jurisdiction for crypto businesses and startups from Gofaizen  Sherle,Finviz,https://finance.yahoo.com/m/354ddc23-4fd2-35a6-bb04-f3ed2f50c07d/interactive-service-for.html,interactive service for choosing a jurisdiction for crypto businesses and startups from gofaizen sherle,,interactive service for choosing a jurisdiction for crypto businesses and startups from gofaizen sherle,interactive service for choosing a jurisdiction for crypto businesses and startups from gofaizen sherle.,"interactive, service, choosing, jurisdiction, crypto",False,False,False,False,False,False,False,False,False,104,14,0.0,0.0,1.0,0.0,neutral
2025-11-13,Cisco Surges on Earnings Beat & Upbeat Guidance: ETFs in Focus,,Cisco Surges on Earnings Beat & Upbeat Guidance: ETFs in Focus,Finviz,/news/228393/cisco-surges-on-earnings-beat-upbeat-guidance-etfs-in-focus,cisco surges on earnings beat upbeat guidance: etfs in focus,,cisco surges on earnings beat upbeat guidance: etfs in focus,cisco surges on earnings beat upbeat guidance: etfs in focus.,"cisco, surges, earnings, beat, upbeat",False,False,False,True,False,False,False,False,False,61,10,0.0,0.0,1.0,0.0,neutral
2025-11-13,A stock market that could only go up now seems to need direction,,A stock market that could only go up now seems to need direction,Finviz,https://www.marketwatch.com/story/a-stock-market-that-could-only-go-up-now-seems-to-need-direction-f1e26847?mod=mw_FV,a stock market that could only go up now seems to need direction,,a stock market that could only go up now seems to need direction,a stock market that could only go up now seems to need direction.,"stock, market, could, seems, need",False,False,False,False,False,False,False,False,False,65,13,0.0,0.0,1.0,0.0,neutral
2025-11-12,Should SPDR S&P 500 ETF (SPY) Be on Your Investing Radar?,,Should SPDR S&P 500 ETF (SPY) Be on Your Investing Radar?,Finviz,/news/227054/should-spdr-sp-500-etf-spy-be-on-your-investing-radar,should spdr sp 500 etf (spy) be on your investing radar?,,should spdr sp 500 etf (spy) be on your investing radar?,should spdr sp 500 etf (spy) be on your investing radar?.,"spdr, etf, spy, investing, radar",True,False,False,False,False,False,False,False,False,57,11,0.0,0.0,1.0,0.0,neutral
2025-11-12,"3 Simple ETFs to Buy With $1,000 and Hold for a Lifetime",,"3 Simple ETFs to Buy With $1,000 and Hold for a Lifetime",Finviz,/news/226925/3-simple-etfs-to-buy-with-1000-and-hold-for-a-lifetime,"3 simple etfs to buy with $1,000 and hold for a lifetime",,"3 simple etfs to buy with $1,000 and hold for a lifetime","3 simple etfs to buy with $1,000 and hold for a lifetime.","simple, etfs, buy, hold, lifetime",False,False,False,False,False,False,False,False,False,57,12,0.0,0.0,1.0,0.0,neutral
2025-11-12,S&P 500 reaches new highs as tech stocks rally amid strong earnings,Technology sector leads market gains,S&P 500 reaches new highs as tech stocks rally amid strong earnings. Technology sector leads market gains.,Market Summary,,sp 500 reaches new highs as tech stocks rally amid strong earnings,technology sector leads market gains,sp 500 reaches new highs as tech stocks rally amid strong earnings. technology sector leads market gains.,sp 500 reaches new highs as tech stocks rally amid strong earnings. technology sector leads market gains,"reaches, new, highs, tech, stocks",True,False,False,True,True,False,False,False,False,104,17,0.33,0.0,0.67,0.7096,positive
2025-11-12,Market Minute 11-12-25- Stocks on a Streak; AI Helping Chip Sales,,Market Minute 11-12-25- Stocks on a Streak; AI Helping Chip Sales,Finviz,https://finance.yahoo.com/news/market-minute-11-12-25-141500966.html,market minute 11-12-25- stocks on a streak; ai helping chip sales,,market minute 11-12-25- stocks on a streak; ai helping chip sales,market minute 11-12-25- stocks on a streak; ai helping chip sales.,"market, minute, stocks, streak, helping",False,False,False,False,False,False,False,False,False,66,11,0.18,0.0,0.82,0.296,positive
2025-11-12,"Stock Market Today: Dow Jones Index Rises As Nvidia, AMD Rally (Live Coverage)",,"Stock Market Today: Dow Jones Index Rises As Nvidia, AMD Rally (Live Coverage)",Finviz,https://finance.yahoo.com/m/1e1e145a-40b5-3a5e-a091-0f15de4eac9e/stock-market-today%3A-dow-jones.html,"stock market today: dow jones index rises as nvidia, amd rally (live coverage)",,"stock market today: dow jones index rises as nvidia, amd rally (live coverage)","stock market today: dow jones index rises as nvidia, amd rally (live coverage).","stock, market, today, dow, jones",False,False,False,False,False,False,False,False,False,79,13,0.0,0.0,1.0,0.0,neutral
2025-11-12,This Market Is Trickier Than You Think. How to Hedge.,,This Market Is Trickier Than You Think. How to Hedge.,Finviz,https://www.barrons.com/articles/-market-trickier-how-to-hedge-options-0c92468d?mod=bar_FV,this market is trickier than you think. how to hedge.,,this market is trickier than you think. how to hedge.,this market is trickier than you think. how to hedge..,"market, trickier, think, hedge",False,False,False,False,False,False,False,False,False,54,10,0.0,0.159,0.841,-0.1779,negative
2025-11-11,SPYs 50-Day Moving Average Streak is Going Strong. The Rest of the Market is Sending Up Flares.,,SPYs 50-Day Moving Average Streak is Going Strong. The Rest of the Market is Sending Up Flares.,Finviz,https://finance.yahoo.com/m/442337b7-470d-3327-a8f8-5d675ca17c1c/spy%E2%80%99s-50-day-moving-average.html,spys 50-day moving average streak is going strong. the rest of the market is sending up flares.,,spys 50-day moving average streak is going strong. the rest of the market is sending up flares.,spys 50-day moving average streak is going strong. the rest of the market is sending up flares..,"spys, moving, average, streak, going",False,False,False,False,False,False,False,False,False,96,17,0.171,0.0,0.829,0.5106,positive
2025-11-11,Is the S&P 500 Poised for a New High? ETFs to Consider,,Is the S&P 500 Poised for a New High? ETFs to Consider,Finviz,/news/226199/is-the-sp-500-poised-for-a-new-high-etfs-to-consider,is the sp 500 poised for a new high? etfs to consider,,is the sp 500 poised for a new high? etfs to consider,is the sp 500 poised for a new high? etfs to consider.,"poised, new, high, etfs, consider",True,False,False,False,False,False,False,False,False,54,12,0.154,0.0,0.846,0.25,positive
2025-11-11,Stock Market Today: Dow Rises After Shutdown Bill Passes; Nvidia Partner Plunges (Live Coverage),,Stock Market Today: Dow Rises After Shutdown Bill Passes; Nvidia Partner Plunges (Live Coverage),Finviz,https://finance.yahoo.com/m/c6cda4d8-8d0b-3b29-9c5b-ee73af839621/stock-market-today%3A-dow-rises.html,stock market today: dow rises after shutdown bill passes; nvidia partner plunges (live coverage),,stock market today: dow rises after shutdown bill passes; nvidia partner plunges (live coverage),stock market today: dow rises after shutdown bill passes; nvidia partner plunges (live coverage).,"stock, market, today, dow, rises",False,False,False,False,False,False,False,False,False,97,14,0.0,0.0,1.0,0.0,neutral
2025-11-11,Stock Market Today: Dow Wavers After Shutdown Bill Passes; Nvidia Partner Plunges (Live Coverage),,Stock Market Today: Dow Wavers After Shutdown Bill Passes; Nvidia Partner Plunges (Live Coverage),Finviz,https://finance.yahoo.com/m/c6cda4d8-8d0b-3b29-9c5b-ee73af839621/stock-market-today%3A-dow.html,stock market today: dow wavers after shutdown bill passes; nvidia partner plunges (live coverage),,stock market today: dow wavers after shutdown bill passes; nvidia partner plunges (live coverage),stock market today: dow wavers after shutdown bill passes; nvidia partner plunges (live coverage).,"stock, market, today, dow, wavers",False,False,False,False,False,False,False,False,False,98,14,0.0,0.0,1.0,0.0,neutral
2025-11-11,Warren Buffett Sold His Top Recommended Investment. Here's What It Might Mean for You.,,Warren Buffett Sold His Top Recommended Investment. Here's What It Might Mean for You.,Finviz,/news/225656/warren-buffett-sold-his-top-recommended-investment-heres-what-it-might-mean-for-you,warren buffett sold his top recommended investment. here's what it might mean for you.,,warren buffett sold his top recommended investment. here's what it might mean for you.,warren buffett sold his top recommended investment. here's what it might mean for you..,"warren, buffett, sold, top, recommended",False,False,False,False,False,False,False,False,False,87,14,0.231,0.0,0.769,0.3818,positive
2025-11-11,Federal Reserve signals cautious approach to interest rate policy,Fed maintains current stance on monetary policy,Federal Reserve signals cautious approach to interest rate policy amid inflation concerns.,Market Summary,,federal reserve signals cautious approach to interest rate policy,fed maintains current stance on monetary policy,federal reserve signals cautious approach to interest rate policy amid inflation concerns.,federal reserve signals cautious approach to interest rate policy. fed maintains current stance on monetary policy,"policy, federal, reserve, signals, cautious",False,True,False,False,False,False,False,False,False,114,16,0.163,0.076,0.761,0.3818,positive
2025-11-10,"Corporate earnings exceed expectations, boosting investor confidence",Strong quarterly results drive market optimism,"Corporate earnings exceed expectations, boosting investor confidence across major sectors.",Market Summary,,"corporate earnings exceed expectations, boosting investor confidence",strong quarterly results drive market optimism,"corporate earnings exceed expectations, boosting investor confidence across major sectors.","corporate earnings exceed expectations, boosting investor confidence. strong quarterly results drive market optimism","corporate, earnings, exceed, expectations, boosting",False,False,False,True,False,False,False,False,False,116,13,0.581,0.0,0.419,0.91,positive
2025-11-10,Zacks Investment Ideas feature highlights S&P 500,,Zacks Investment Ideas feature highlights S&P 500,Finviz,/news/224037/zacks-investment-ideas-feature-highlights-sp-500,zacks investment ideas feature highlights sp 500,,zacks investment ideas feature highlights sp 500,zacks investment ideas feature highlights sp 500.,"zacks, investment, ideas, feature, highlights",True,False,False,False,False,False,False,False,False,49,7,0.0,0.0,1.0,0.0,neutral
2025-11-10,State Street Renames Dozens of ETFs Ahead of 401(k) Play,,State Street Renames Dozens of ETFs Ahead of 401(k) Play,Finviz,https://finance.yahoo.com/m/dd558659-c3ee-34a9-bfcf-3e24a4ef5611/state-street-renames-dozens.html,state street renames dozens of etfs ahead of 401(k) play,,state street renames dozens of etfs ahead of 401(k) play,state street renames dozens of etfs ahead of 401(k) play.,"state, street, renames, dozens, etfs",False,False,False,False,False,False,False,False,False,57,10,0.211,0.0,0.789,0.34,positive
2025-11-10,U.S. Equities Lag International in 2025: 5 Top ETF Performers,,U.S. Equities Lag International in 2025: 5 Top ETF Performers,Finviz,/news/224540/us-equities-lag-international-in-2025-5-top-etf-performers,u.s. equities lag international in 2025: 5 top etf performers,,u.s. equities lag international in 2025: 5 top etf performers,u.s. equities lag international in 2025: 5 top etf performers.,"equities, lag, international, top, etf",False,False,False,False,False,False,False,False,False,62,10,0.148,0.197,0.656,-0.1531,negative
2025-11-10,Senate's Deal Signals Potential End to US Govt. Shutdown: Top ETFs to Buy,,Senate's Deal Signals Potential End to US Govt. Shutdown: Top ETFs to Buy,Finviz,/news/224557/senates-deal-signals-potential-end-to-us-govt-shutdown-top-etfs-to-buy,senate's deal signals potential end to us govt. shutdown: top etfs to buy,,senate's deal signals potential end to us govt. shutdown: top etfs to buy,senate's deal signals potential end to us govt. shutdown: top etfs to buy.,"senate, deal, signals, potential, end",False,False,False,False,False,False,False,False,False,74,13,0.13,0.0,0.87,0.2023,positive
2025-11-10,5 Defensive Consumer Plays to Watch If Markets Keep Slipping,,5 Defensive Consumer Plays to Watch If Markets Keep Slipping,Finviz,https://finance.yahoo.com/m/5f8dbbe2-3632-3703-827c-f74f65b026d7/5-defensive-consumer-plays-to.html,5 defensive consumer plays to watch if markets keep slipping,,5 defensive consumer plays to watch if markets keep slipping,5 defensive consumer plays to watch if markets keep slipping.,"defensive, consumer, plays, watch, markets",False,False,False,False,False,False,False,False,False,61,10,0.279,0.0,0.721,0.2732,positive
2025-11-10,3 Stocks Showing Relative Strength as Markets Pull Back,,3 Stocks Showing Relative Strength as Markets Pull Back,Finviz,https://finance.yahoo.com/m/55b7f40e-b1bd-3219-baad-f046badaea05/3-stocks-showing-relative.html,3 stocks showing relative strength as markets pull back,,3 stocks showing relative strength as markets pull back,3 stocks showing relative strength as markets pull back.,"stocks, showing, relative, strength, markets",False,False,False,False,False,False,False,False,False,56,9,0.286,0.0,0.714,0.4939,positive
2025-11-10,"Stock Market Today: Dow Rises On Shutdown Deal Hopes; Nvidia, Palantir, Tesla Rally (Live Coverage)",,"Stock Market Today: Dow Rises On Shutdown Deal Hopes; Nvidia, Palantir, Tesla Rally (Live Coverage)",Finviz,https://finance.yahoo.com/m/44fe0151-808f-34c9-8778-d99dc940bbd2/stock-market-today%3A-dow-rises.html,"stock market today: dow rises on shutdown deal hopes; nvidia, palantir, tesla rally (live coverage)",,"stock market today: dow rises on shutdown deal hopes; nvidia, palantir, tesla rally (live coverage)","stock market today: dow rises on shutdown deal hopes; nvidia, palantir, tesla rally (live coverage).","stock, market, today, dow, rises",False,False,False,False,False,False,False,False,False,100,15,0.167,0.0,0.833,0.4215,positive
2025-11-08,Stock market volatility increases amid geopolitical tensions,Investors seek safe haven assets,Stock market volatility increases amid geopolitical tensions and economic uncertainty.,Market Summary,,stock market volatility increases amid geopolitical tensions,investors seek safe haven assets,stock market volatility increases amid geopolitical tensions and economic uncertainty.,stock market volatility increases amid geopolitical tensions. investors seek safe haven assets,"stock, market, volatility, increases, amid",False,False,False,False,False,False,False,False,False,94,12,0.282,0.166,0.552,0.2263,positive
2025-11-07,Tech selloff breaks major S&P 500 support - but here's when stocks really unravel,,Tech selloff breaks major S&P 500 support - but here's when stocks really unravel,Finviz,https://www.marketwatch.com/story/tech-selloff-breaks-major-s-p-500-support-but-heres-when-stocks-really-unravel-968f8438?mod=mw_FV,tech selloff breaks major sp 500 support - but here's when stocks really unravel,,tech selloff breaks major sp 500 support - but here's when stocks really unravel,tech selloff breaks major sp 500 support - but here's when stocks really unravel.,"tech, selloff, breaks, major, support",True,False,False,False,False,False,False,False,False,81,14,0.132,0.0,0.868,0.2457,positive
2025-11-07,Tech stocks have been leading the market lower. Here's what may lie ahead.,,Tech stocks have been leading the market lower. Here's what may lie ahead.,Finviz,https://www.marketwatch.com/story/tech-stocks-have-been-leading-the-market-lower-heres-what-may-lie-ahead-b3341abd?mod=mw_FV,tech stocks have been leading the market lower. here's what may lie ahead.,,tech stocks have been leading the market lower. here's what may lie ahead.,tech stocks have been leading the market lower. here's what may lie ahead..,"tech, stocks, leading, market, lower",False,False,False,False,True,False,False,False,False,75,13,0.0,0.155,0.845,-0.296,negative
2025-11-07,November Pullback Underway: Here's What to Know,,November Pullback Underway: Here's What to Know,Finviz,/news/223414/november-pullback-underway-heres-what-to-know,november pullback underway: here's what to know,,november pullback underway: here's what to know,november pullback underway: here's what to know.,"november, pullback, underway, know",False,False,False,False,False,False,False,False,False,48,7,0.0,0.0,1.0,0.0,neutral
2025-11-07,"Stock Market Today: Dow, Nasdaq Extend Losses As Confidence Worsens; Sellers Hit Nvidia, Palantir (Live Coverage)",,"Stock Market Today: Dow, Nasdaq Extend Losses As Confidence Worsens; Sellers Hit Nvidia, Palantir (Live Coverage)",Finviz,https://finance.yahoo.com/m/b5e00635-0044-3f29-a1da-60cae54e51a2/stock-market-today%3A-dow%2C.html,"stock market today: dow, nasdaq extend losses as confidence worsens; sellers hit nvidia, palantir (live coverage)",,"stock market today: dow, nasdaq extend losses as confidence worsens; sellers hit nvidia, palantir (live coverage)","stock market today: dow, nasdaq extend losses as confidence worsens; sellers hit nvidia, palantir (live coverage).","stock, market, today, dow, nasdaq",False,False,False,False,False,False,False,False,False,114,16,0.219,0.254,0.526,-0.2023,negative
2025-11-07,Stock Market Today: Dow Jones Index Falls; Nvidia Slides On AI Chip News (Live Coverage),,Stock Market Today: Dow Jones Index Falls; Nvidia Slides On AI Chip News (Live Coverage),Finviz,https://finance.yahoo.com/m/b5e00635-0044-3f29-a1da-60cae54e51a2/stock-market-today%3A-dow-jones.html,stock market today: dow jones index falls; nvidia slides on ai chip news (live coverage),,stock market today: dow jones index falls; nvidia slides on ai chip news (live coverage),stock market today: dow jones index falls; nvidia slides on ai chip news (live coverage).,"stock, market, today, dow, jones",False,False,False,False,False,False,False,False,False,89,15,0.0,0.0,1.0,0.0,neutral
2025-11-07,Fearing AI Valuation Concerns? Tap 3 High-Dividend ETFs,,Fearing AI Valuation Concerns? Tap 3 High-Dividend ETFs,Finviz,/news/222796/fearing-ai-valuation-concerns-tap-3-high-dividend-etfs,fearing ai valuation concerns? tap 3 high-dividend etfs,,fearing ai valuation concerns? tap 3 high-dividend etfs,fearing ai valuation concerns? tap 3 high-dividend etfs.,"fearing, valuation, concerns, tap, etfs",False,False,False,False,False,False,False,False,False,56,8,0.0,0.346,0.654,-0.5719,negative
2025-11-07,"The Smartest Index ETF to Buy With $2,000 Right Now",,"The Smartest Index ETF to Buy With $2,000 Right Now",Finviz,/news/222665/the-smartest-index-etf-to-buy-with-2000-right-now,"the smartest index etf to buy with $2,000 right now",,"the smartest index etf to buy with $2,000 right now","the smartest index etf to buy with $2,000 right now.","smartest, index, etf, buy, right",False,False,False,False,False,False,False,False,False,52,10,0.308,0.0,0.692,0.6124,positive
2025-11-06,Economic data shows resilient growth despite headwinds,GDP figures beat forecasts,"Economic data shows resilient growth despite headwinds, supporting bullish market sentiment.",Market Summary,,economic data shows resilient growth despite headwinds,gdp figures beat forecasts,"economic data shows resilient growth despite headwinds, supporting bullish market sentiment.",economic data shows resilient growth despite headwinds. gdp figures beat forecasts,"economic, data, shows, resilient, growth",False,False,False,False,False,False,False,False,False,82,11,0.206,0.0,0.794,0.3818,positive
2025-11-06,"Investing in the S&P 500 Is Still a Good Idea, but Here Are 2 Safer Ways to Do It",,"Investing in the S&P 500 Is Still a Good Idea, but Here Are 2 Safer Ways to Do It",Finviz,/news/221793/investing-in-the-sp-500-is-still-a-good-idea-but-here-are-2-safer-ways-to-do-it,"investing in the sp 500 is still a good idea, but here are 2 safer ways to do it",,"investing in the sp 500 is still a good idea, but here are 2 safer ways to do it","investing in the sp 500 is still a good idea, but here are 2 safer ways to do it.","investing, still, good, idea, safer",True,False,False,False,False,False,False,False,False,81,19,0.249,0.0,0.751,0.6858,positive
2025-11-06,"Stock Market Today: Dow Index Falls, As These Three Stocks Sink On Results (Live Coverage)",,"Stock Market Today: Dow Index Falls, As These Three Stocks Sink On Results (Live Coverage)",Finviz,https://finance.yahoo.com/m/52c1c476-478b-32fc-8560-269f97e80c2b/stock-market-today%3A-dow-index.html,"stock market today: dow index falls, as these three stocks sink on results (live coverage)",,"stock market today: dow index falls, as these three stocks sink on results (live coverage)","stock market today: dow index falls, as these three stocks sink on results (live coverage).","stock, market, today, dow, index",False,False,False,False,False,False,False,False,False,91,15,0.0,0.0,1.0,0.0,neutral
2025-11-06,CaneToadium-WLCP Introduces Global Blockchain Endowment Model for Transparent Wildlife Conservation,,CaneToadium-WLCP Introduces Global Blockchain Endowment Model for Transparent Wildlife Conservation,Finviz,https://finance.yahoo.com/m/9d46764c-47df-3cfe-a3d7-111fa238e876/canetoadium-wlcp-introduces.html,canetoadium-wlcp introduces global blockchain endowment model for transparent wildlife conservation,,canetoadium-wlcp introduces global blockchain endowment model for transparent wildlife conservation,canetoadium-wlcp introduces global blockchain endowment model for transparent wildlife conservation.,"introduces, global, blockchain, endowment, model",False,False,False,False,False,False,False,False,False,100,10,0.0,0.0,1.0,0.0,neutral
2025-11-05,Stock Market Today: Dow Gains On Surprise Jobs Data; AMD Tumbles On Earnings (Live Coverage),,Stock Market Today: Dow Gains On Surprise Jobs Data; AMD Tumbles On Earnings (Live Coverage),Finviz,https://finance.yahoo.com/m/14ce2639-74b7-368a-ac1b-cec93813e2a3/stock-market-today%3A-dow-gains.html,stock market today: dow gains on surprise jobs data; amd tumbles on earnings (live coverage),,stock market today: dow gains on surprise jobs data; amd tumbles on earnings (live coverage),stock market today: dow gains on surprise jobs data; amd tumbles on earnings (live coverage).,"stock, market, today, dow, gains",False,False,False,True,False,False,False,False,False,93,15,0.257,0.0,0.743,0.5423,positive
2025-11-05,Stock Market Today: Dow Rises On Surprise Jobs Data; AMD Tumbles On Earnings (Live Coverage),,Stock Market Today: Dow Rises On Surprise Jobs Data; AMD Tumbles On Earnings (Live Coverage),Finviz,https://finance.yahoo.com/m/14ce2639-74b7-368a-ac1b-cec93813e2a3/stock-market-today%3A-dow-rises.html,stock market today: dow rises on surprise jobs data; amd tumbles on earnings (live coverage),,stock market today: dow rises on surprise jobs data; amd tumbles on earnings (live coverage),stock market today: dow rises on surprise jobs data; amd tumbles on earnings (live coverage).,"stock, market, today, dow, rises",False,False,False,True,False,False,False,False,False,93,15,0.13,0.0,0.87,0.2732,positive
2025-11-05,PU Prime's Strategic Server Expansion in Asia,,PU Prime's Strategic Server Expansion in Asia,Finviz,https://finance.yahoo.com/m/4be24441-8c09-3176-815f-85dedce9972c/pu-prime%27s-strategic-server.html,pu prime's strategic server expansion in asia,,pu prime's strategic server expansion in asia,pu prime's strategic server expansion in asia.,"prime, strategic, server, expansion, asia",False,False,False,False,False,False,False,False,False,46,7,0.0,0.259,0.741,-0.2732,negative
2025-11-05,Zama Announces Strategic Acquisition of KKRT Labs to Scale Confidentiality on Public Blockchains,,Zama Announces Strategic Acquisition of KKRT Labs to Scale Confidentiality on Public Blockchains,Finviz,https://finance.yahoo.com/m/6594cdd3-d9cc-375b-91bc-f8e6d828666c/zama-announces-strategic.html,zama announces strategic acquisition of kkrt labs to scale confidentiality on public blockchains,,zama announces strategic acquisition of kkrt labs to scale confidentiality on public blockchains,zama announces strategic acquisition of kkrt labs to scale confidentiality on public blockchains.,"zama, announces, strategic, acquisition, kkrt",False,False,False,False,False,False,False,False,False,97,13,0.0,0.0,1.0,0.0,neutral
2025-11-05,Stock Market Today: Dow Wavers On Surprise Jobs Data; AMD Tumbles On Earnings (Live Coverage),,Stock Market Today: Dow Wavers On Surprise Jobs Data; AMD Tumbles On Earnings (Live Coverage),Finviz,https://finance.yahoo.com/m/14ce2639-74b7-368a-ac1b-cec93813e2a3/stock-market-today%3A-dow.html,stock market today: dow wavers on surprise jobs data; amd tumbles on earnings (live coverage),,stock market today: dow wavers on surprise jobs data; amd tumbles on earnings (live coverage),stock market today: dow wavers on surprise jobs data; amd tumbles on earnings (live coverage).,"stock, market, today, dow, wavers",False,False,False,True,False,False,False,False,False,94,15,0.13,0.0,0.87,0.2732,positive
2025-11-04,Stock Market Today: Dow Jones Index Slides 400 Points; Palantir Plunges On Earnings (Live Coverage),,Stock Market Today: Dow Jones Index Slides 400 Points; Palantir Plunges On Earnings (Live Coverage),Finviz,https://finance.yahoo.com/m/c4e227a8-307b-3706-b7e3-bc7a5f1eccf3/stock-market-today%3A-dow-jones.html,stock market today: dow jones index slides 400 points; palantir plunges on earnings (live coverage),,stock market today: dow jones index slides 400 points; palantir plunges on earnings (live coverage),stock market today: dow jones index slides 400 points; palantir plunges on earnings (live coverage).,"stock, market, today, dow, jones",False,False,False,True,False,False,False,False,False,100,15,0.0,0.0,1.0,0.0,neutral
2025-11-04,Unlocking Festive Rewards This Black Friday with PU Primes Copy Trading feature,,Unlocking Festive Rewards This Black Friday with PU Primes Copy Trading feature,Finviz,https://finance.yahoo.com/m/33a34dd0-b25c-3e63-a4f0-316b1c8e944e/unlocking-festive-rewards.html,unlocking festive rewards this black friday with pu primes copy trading feature,,unlocking festive rewards this black friday with pu primes copy trading feature,unlocking festive rewards this black friday with pu primes copy trading feature.,"unlocking, festive, rewards, black, friday",False,False,False,False,False,False,False,False,False,80,12,0.355,0.122,0.523,0.6124,positive
2025-11-04,ProxyCoupons Expands Beyond VPN and Proxy Offers to Cover All Things Tech,,ProxyCoupons Expands Beyond VPN and Proxy Offers to Cover All Things Tech,Finviz,https://finance.yahoo.com/m/70a8384c-a097-35e6-9907-8bfeed0c02f9/proxycoupons-expands-beyond.html,proxycoupons expands beyond vpn and proxy offers to cover all things tech,,proxycoupons expands beyond vpn and proxy offers to cover all things tech,proxycoupons expands beyond vpn and proxy offers to cover all things tech.,"proxycoupons, expands, beyond, vpn, proxy",False,False,False,False,False,False,False,False,False,74,12,0.113,0.0,0.887,0.1027,positive
2025-11-04,Mevolaxy Launches Mobile App and Announces Record Payouts,,Mevolaxy Launches Mobile App and Announces Record Payouts,Finviz,https://finance.yahoo.com/m/d2ea186f-a5d7-32f5-86e3-159b8e2358c9/mevolaxy-launches-mobile-app.html,mevolaxy launches mobile app and announces record payouts,,mevolaxy launches mobile app and announces record payouts,mevolaxy launches mobile app and announces record payouts.,"mevolaxy, launches, mobile, app, announces",False,False,False,False,False,False,False,False,False,58,8,0.0,0.0,1.0,0.0,neutral
2025-11-04,"B2PRIME Launches Retail, Opening Institutional Infrastructure for Everyone",,"B2PRIME Launches Retail, Opening Institutional Infrastructure for Everyone",Finviz,https://finance.yahoo.com/m/8a26340a-ab73-32ea-9bd1-33421c9c4ab2/b2prime-launches-retail%2C.html,"b2prime launches retail, opening institutional infrastructure for everyone",,"b2prime launches retail, opening institutional infrastructure for everyone","b2prime launches retail, opening institutional infrastructure for everyone.","launches, retail, opening, institutional, infrastructure",False,False,False,False,False,False,False,False,False,75,8,0.0,0.0,1.0,0.0,neutral
2025-11-04,Daily ETF Flows: SPY Inflows Top $10B,,Daily ETF Flows: SPY Inflows Top $10B,Finviz,https://finance.yahoo.com/m/895f4af2-f722-3cd2-87de-002a20d4d162/daily-etf-flows%3A-spy-inflows.html,daily etf flows: spy inflows top $10b,,daily etf flows: spy inflows top $10b,daily etf flows: spy inflows top $10b.,"daily, etf, flows, spy, inflows",False,False,False,False,False,False,False,False,False,38,7,0.231,0.0,0.769,0.2023,positive
2025-11-03,$38B Flows Into ETFs as Investors Look Past Powells Comments,,$38B Flows Into ETFs as Investors Look Past Powells Comments,Finviz,https://finance.yahoo.com/m/07e3de48-64a5-39dd-b889-08e289c16771/%2438b-flows-into-etfs-as.html,$38b flows into etfs as investors look past powells comments,,$38b flows into etfs as investors look past powells comments,$38b flows into etfs as investors look past powells comments.,"flows, etfs, investors, look, past",False,True,False,False,False,False,False,False,False,61,10,0.0,0.0,1.0,0.0,neutral
2025-11-03,Six cheap stocks of S&P 500 companies expected to grow quickly through 2027,,Six cheap stocks of S&P 500 companies expected to grow quickly through 2027,Finviz,https://www.marketwatch.com/story/six-cheap-stocks-of-s-p-500-companies-expected-to-grow-quickly-through-2027-646fe5b1?mod=mw_FV,six cheap stocks of sp 500 companies expected to grow quickly through 2027,,six cheap stocks of sp 500 companies expected to grow quickly through 2027,six cheap stocks of sp 500 companies expected to grow quickly through 2027.,"six, cheap, stocks, companies, expected",True,False,False,False,False,False,False,False,False,75,13,0.0,0.0,1.0,0.0,neutral
2025-11-03,Stock Market Today: Dow Jones Index Wavers; Nvidia Rallies On Price Target Hike (Live Coverage),,Stock Market Today: Dow Jones Index Wavers; Nvidia Rallies On Price Target Hike (Live Coverage),Finviz,https://finance.yahoo.com/m/e974ab08-b282-3a6e-8d83-160ebc96e4f8/stock-market-today%3A-dow-jones.html,stock market today: dow jones index wavers; nvidia rallies on price target hike (live coverage),,stock market today: dow jones index wavers; nvidia rallies on price target hike (live coverage),stock market today: dow jones index wavers; nvidia rallies on price target hike (live coverage).,"stock, market, today, dow, jones",False,False,False,False,False,False,False,False,False,96,15,0.0,0.0,1.0,0.0,neutral
2025-11-03,We Are Traders: Hola Primes New Brand Campaign Puts Traders First Worldwide,,We Are Traders: Hola Primes New Brand Campaign Puts Traders First Worldwide,Finviz,https://finance.yahoo.com/m/e6194c4f-60b6-3140-8f9d-7c9054785392/we-are-traders%3A-hola-prime%E2%80%99s.html,we are traders: hola primes new brand campaign puts traders first worldwide,,we are traders: hola primes new brand campaign puts traders first worldwide,we are traders: hola primes new brand campaign puts traders first worldwide.,"traders, hola, primes, new, brand",False,False,False,False,False,False,False,False,False,76,12,0.0,0.0,1.0,0.0,neutral
2025-10-31,ARCS 2.0: Pioneering Data Sovereignty Through Real-World Utility and Cultural Heritage,,ARCS 2.0: Pioneering Data Sovereignty Through Real-World Utility and Cultural Heritage,Finviz,https://finance.yahoo.com/m/f4c93111-9edb-3e6d-b398-20b20b913052/arcs-2.0%3A-pioneering-data.html,arcs 2.0: pioneering data sovereignty through real-world utility and cultural heritage,,arcs 2.0: pioneering data sovereignty through real-world utility and cultural heritage,arcs 2.0: pioneering data sovereignty through real-world utility and cultural heritage.,"arcs, pioneering, data, sovereignty, utility",False,False,False,False,False,False,False,False,False,87,11,0.0,0.0,1.0,0.0,neutral
2025-10-31,"Stock Market Today: Dow Rises On Amazon, Apple Earnings; Nvidia, Palantir Rebound (Live Coverage)",,"Stock Market Today: Dow Rises On Amazon, Apple Earnings; Nvidia, Palantir Rebound (Live Coverage)",Finviz,https://finance.yahoo.com/m/9146783b-d71e-33ec-a032-76c665c2c0f4/stock-market-today%3A-dow-rises.html,"stock market today: dow rises on amazon, apple earnings; nvidia, palantir rebound (live coverage)",,"stock market today: dow rises on amazon, apple earnings; nvidia, palantir rebound (live coverage)","stock market today: dow rises on amazon, apple earnings; nvidia, palantir rebound (live coverage).","stock, market, today, dow, rises",False,False,False,True,True,False,False,False,False,98,14,0.116,0.0,0.884,0.1779,positive
2025-10-30,Biotech ETFs Hovering Around a 52-Week: Here's Why,,Biotech ETFs Hovering Around a 52-Week: Here's Why,Finviz,/news/211333/biotech-etfs-hovering-around-a-52-week-heres-why,biotech etfs hovering around a 52-week: here's why,,biotech etfs hovering around a 52-week: here's why,biotech etfs hovering around a 52-week: here's why.,"biotech, etfs, hovering, around",False,False,False,False,False,False,False,False,False,51,8,0.0,0.0,1.0,0.0,neutral
2025-10-30,Stock Market Today: Dow Falls After Trump-Xi Talks; Meta Plunges On Cost Worries (Live Coverage),,Stock Market Today: Dow Falls After Trump-Xi Talks; Meta Plunges On Cost Worries (Live Coverage),Finviz,https://finance.yahoo.com/m/feaa48e6-1655-3345-8855-6400897140af/stock-market-today%3A-dow-falls.html,stock market today: dow falls after trump-xi talks; meta plunges on cost worries (live coverage),,stock market today: dow falls after trump-xi talks; meta plunges on cost worries (live coverage),stock market today: dow falls after trump-xi talks; meta plunges on cost worries (live coverage).,"stock, market, today, dow, falls",False,False,False,False,False,False,False,False,False,97,15,0.0,0.167,0.833,-0.4215,negative
2025-10-30,Stock investors head into November saying thanks to a market that keeps on giving,,Stock investors head into November saying thanks to a market that keeps on giving,Finviz,https://www.marketwatch.com/story/stock-investors-head-into-november-saying-thanks-to-a-market-that-keeps-on-giving-dfbbdfed?mod=mw_FV,stock investors head into november saying thanks to a market that keeps on giving,,stock investors head into november saying thanks to a market that keeps on giving,stock investors head into november saying thanks to a market that keeps on giving.,"stock, investors, head, november, saying",False,False,False,False,False,False,False,False,False,82,14,0.306,0.0,0.694,0.6486,positive
2025-10-30,"FXCubic Bridge: Achieves Record 3,000 Yards Retail Trading Volume Milestone",,"FXCubic Bridge: Achieves Record 3,000 Yards Retail Trading Volume Milestone",Finviz,https://finance.yahoo.com/m/b8d560df-f2e3-3cff-88a9-d8821a628b36/fxcubic-bridge%3A-achieves.html,"fxcubic bridge: achieves record 3,000 yards retail trading volume milestone",,"fxcubic bridge: achieves record 3,000 yards retail trading volume milestone","fxcubic bridge: achieves record 3,000 yards retail trading volume milestone.","fxcubic, bridge, achieves, record, yards",False,False,False,False,False,False,False,False,False,76,10,0.0,0.0,1.0,0.0,neutral
2025-10-30,Worried About an AI Bubble? Look to Surging International Stocks,,Worried About an AI Bubble? Look to Surging International Stocks,Finviz,/news/211976/worried-about-an-ai-bubble-look-to-surging-international-stocks,worried about an ai bubble? look to surging international stocks,,worried about an ai bubble? look to surging international stocks,worried about an ai bubble? look to surging international stocks.,"worried, bubble, look, surging, international",False,False,False,False,False,False,False,False,False,65,10,0.0,0.196,0.804,-0.296,negative
2025-10-30,Hetu 3.0 - Deep Intelligence Money - Turning verified intelligence into liquid capital,,Hetu 3.0 - Deep Intelligence Money - Turning verified intelligence into liquid capital,Finviz,https://finance.yahoo.com/m/6f8ba63c-1bea-3329-95ee-52eb75b46174/hetu-3.0-deep-intelligence.html,hetu 3.0 - deep intelligence money - turning verified intelligence into liquid capital,,hetu 3.0 - deep intelligence money - turning verified intelligence into liquid capital,hetu 3.0 - deep intelligence money - turning verified intelligence into liquid capital.,"intelligence, hetu, deep, money, turning",False,False,False,False,False,False,False,False,False,87,13,0.36,0.0,0.64,0.7351,positive
2025-10-30,Stock Market Today: Nasdaq Slumps As Meta Dives On Cost Concerns; Chipotle Plunges (Live Coverage),,Stock Market Today: Nasdaq Slumps As Meta Dives On Cost Concerns; Chipotle Plunges (Live Coverage),Finviz,https://finance.yahoo.com/m/feaa48e6-1655-3345-8855-6400897140af/stock-market-today%3A-nasdaq.html,stock market today: nasdaq slumps as meta dives on cost concerns; chipotle plunges (live coverage),,stock market today: nasdaq slumps as meta dives on cost concerns; chipotle plunges (live coverage),stock market today: nasdaq slumps as meta dives on cost concerns; chipotle plunges (live coverage).,"stock, market, today, nasdaq, slumps",False,False,False,False,False,False,False,False,False,99,15,0.0,0.0,1.0,0.0,neutral
2025-10-29,Is This The Best ETF to Invest In Ahead of Potential AI Bubble Burst?,,Is This The Best ETF to Invest In Ahead of Potential AI Bubble Burst?,Finviz,/news/210015/is-this-the-best-etf-to-invest-in-ahead-of-potential-ai-bubble-burst,is this the best etf to invest in ahead of potential ai bubble burst?,,is this the best etf to invest in ahead of potential ai bubble burst?,is this the best etf to invest in ahead of potential ai bubble burst?.,"best, etf, invest, ahead, potential",False,False,False,False,False,False,False,False,False,70,14,0.244,0.0,0.756,0.6369,positive
2025-10-29,FBS Enhances Trading Experience with an Economic Calendar and Price Alerts,,FBS Enhances Trading Experience with an Economic Calendar and Price Alerts,Finviz,https://finance.yahoo.com/m/2e903e2a-7b14-3864-84f6-25e45aa9618d/fbs-enhances-trading.html,fbs enhances trading experience with an economic calendar and price alerts,,fbs enhances trading experience with an economic calendar and price alerts,fbs enhances trading experience with an economic calendar and price alerts.,"fbs, enhances, trading, experience, economic",False,False,False,False,False,False,False,False,False,75,11,0.0,0.0,1.0,0.0,neutral
2025-10-29,"Stock Market Today: Dow Rises Ahead Of Fed Rate Decision, Powell; Nvidia Surges To New Highs (Live Coverage)",,"Stock Market Today: Dow Rises Ahead Of Fed Rate Decision, Powell; Nvidia Surges To New Highs (Live Coverage)",Finviz,https://finance.yahoo.com/m/36b75772-ea5d-31ab-8a16-f2491f1884e4/stock-market-today%3A-dow-rises.html,"stock market today: dow rises ahead of fed rate decision, powell; nvidia surges to new highs (live coverage)",,"stock market today: dow rises ahead of fed rate decision, powell; nvidia surges to new highs (live coverage)","stock market today: dow rises ahead of fed rate decision, powell; nvidia surges to new highs (live coverage).","stock, market, today, dow, rises",False,True,False,False,False,False,False,False,False,109,18,0.0,0.0,1.0,0.0,neutral
2025-10-28,Stock Market Today: Dow Rises As Fed Meeting Starts; UnitedHealth Jumps On Earnings (Live Coverage),,Stock Market Today: Dow Rises As Fed Meeting Starts; UnitedHealth Jumps On Earnings (Live Coverage),Finviz,https://finance.yahoo.com/m/5554fdb9-ef46-3b9f-995c-7c508afc4e88/stock-market-today%3A-dow-rises.html,stock market today: dow rises as fed meeting starts; unitedhealth jumps on earnings (live coverage),,stock market today: dow rises as fed meeting starts; unitedhealth jumps on earnings (live coverage),stock market today: dow rises as fed meeting starts; unitedhealth jumps on earnings (live coverage).,"stock, market, today, dow, rises",False,True,False,True,False,False,False,False,False,100,15,0.0,0.0,1.0,0.0,neutral
2025-10-28,"How I'd Invest My First $1,000 in Stocks (and Why Buffett Would Approve)",,"How I'd Invest My First $1,000 in Stocks (and Why Buffett Would Approve)",Finviz,/news/206322/how-id-invest-my-first-1000-in-stocks-and-why-buffett-would-approve,"how i'd invest my first $1,000 in stocks (and why buffett would approve)",,"how i'd invest my first $1,000 in stocks (and why buffett would approve)","how i'd invest my first $1,000 in stocks (and why buffett would approve).","invest, first, stocks, buffett, would",False,False,False,False,False,False,False,False,False,73,13,0.0,0.0,1.0,0.0,neutral
2025-10-27,5 Different ETFs for Every Kind of Investor,,5 Different ETFs for Every Kind of Investor,Finviz,/news/205669/5-different-etfs-for-every-kind-of-investor,5 different etfs for every kind of investor,,5 different etfs for every kind of investor,5 different etfs for every kind of investor.,"different, etfs, every, kind, investor",False,False,False,False,False,False,False,False,False,44,8,0.0,0.0,1.0,0.0,neutral
2025-10-27,Stock Market Today: Dow Up On U.S.-China Trade Hopes; These Rare Earth Stocks Plummet (Live Coverage),,Stock Market Today: Dow Up On U.S.-China Trade Hopes; These Rare Earth Stocks Plummet (Live Coverage),Finviz,https://finance.yahoo.com/m/8c0f2a09-f3a2-3a4b-aafd-c139836fa0b7/stock-market-today%3A-dow-up-on.html,stock market today: dow up on u.s.-china trade hopes; these rare earth stocks plummet (live coverage),,stock market today: dow up on u.s.-china trade hopes; these rare earth stocks plummet (live coverage),stock market today: dow up on u.s.-china trade hopes; these rare earth stocks plummet (live coverage).,"stock, market, today, dow, trade",False,False,False,False,False,False,False,False,False,102,16,0.157,0.0,0.843,0.4215,positive
2025-10-27,"Stock Market Today: Dow Rises On Trade Deal Optimism; Nvidia, Palantir, Tesla Rally (Live Coverage)",,"Stock Market Today: Dow Rises On Trade Deal Optimism; Nvidia, Palantir, Tesla Rally (Live Coverage)",Finviz,https://finance.yahoo.com/m/8c0f2a09-f3a2-3a4b-aafd-c139836fa0b7/stock-market-today%3A-dow-rises.html,"stock market today: dow rises on trade deal optimism; nvidia, palantir, tesla rally (live coverage)",,"stock market today: dow rises on trade deal optimism; nvidia, palantir, tesla rally (live coverage)","stock market today: dow rises on trade deal optimism; nvidia, palantir, tesla rally (live coverage).","stock, market, today, dow, rises",False,False,False,False,False,False,False,False,False,100,15,0.2,0.0,0.8,0.5423,positive
2025-10-27,Russell 2000 Beats S&P 500 Over Past 6 Months: ETFs in Focus,,Russell 2000 Beats S&P 500 Over Past 6 Months: ETFs in Focus,Finviz,/news/205089/russell-2000-beats-sp-500-over-past-6-months-etfs-in-focus,russell 2000 beats sp 500 over past 6 months: etfs in focus,,russell 2000 beats sp 500 over past 6 months: etfs in focus,russell 2000 beats sp 500 over past 6 months: etfs in focus.,"russell, beats, over, past, months",True,False,False,False,False,False,False,False,False,60,12,0.0,0.0,1.0,0.0,neutral
2025-10-27,"Meet the Warren Buffett ETF That Turned $10,000 Into Over $253,000",,"Meet the Warren Buffett ETF That Turned $10,000 Into Over $253,000",Finviz,/news/204990/meet-the-warren-buffett-etf-that-turned-10000-into-over-253000,"meet the warren buffett etf that turned $10,000 into over $253,000",,"meet the warren buffett etf that turned $10,000 into over $253,000","meet the warren buffett etf that turned $10,000 into over $253,000.","meet, warren, buffett, etf, turned",False,False,False,False,False,False,False,False,False,67,11,0.0,0.0,1.0,0.0,neutral
2025-10-26,Here's How Much You'd Need to Invest in an S&P 500 Index Fund Each Month to Grow Your Portfolio to $1 Million Within 30 Years,,Here's How Much You'd Need to Invest in an S&P 500 Index Fund Each Month to Grow Your Portfolio to $1 Million Within 30 Years,Finviz,/news/204637/heres-how-much-youd-need-to-invest-in-an-sp-500-index-fund-each-month-to-grow-your-portfolio-to-1-million-within-30-years,here's how much you'd need to invest in an sp 500 index fund each month to grow your portfolio to $1 million within 30 years,,here's how much you'd need to invest in an sp 500 index fund each month to grow your portfolio to $1 million within 30 years,here's how much you'd need to invest in an sp 500 index fund each month to grow your portfolio to $1 million within 30 years.,"much, need, invest, index, fund",True,False,False,False,False,False,False,False,False,125,25,0.0,0.0,1.0,0.0,neutral
2025-10-24,Stock Market Today: Dow Up On Surprise Inflation Data; Deckers Hit On Earnings (Live Coverage),,Stock Market Today: Dow Up On Surprise Inflation Data; Deckers Hit On Earnings (Live Coverage),Finviz,https://finance.yahoo.com/m/8ac3d5de-4ca6-3321-9e42-ab7993604539/stock-market-today%3A-dow-up-on.html,stock market today: dow up on surprise inflation data; deckers hit on earnings (live coverage),,stock market today: dow up on surprise inflation data; deckers hit on earnings (live coverage),stock market today: dow up on surprise inflation data; deckers hit on earnings (live coverage).,"stock, market, today, dow, surprise",False,False,True,True,False,False,False,False,False,95,15,0.13,0.0,0.87,0.2732,positive
2025-10-24,"RIVER Gains 5x Following Binance Perp Listing, Supported by Time-Encoded Airdrop Conversion",,"RIVER Gains 5x Following Binance Perp Listing, Supported by Time-Encoded Airdrop Conversion",Finviz,https://finance.yahoo.com/m/4f07d190-da54-357b-bf35-e47fd43929a3/river-gains-5x-following.html,"river gains 5x following binance perp listing, supported by time-encoded airdrop conversion",,"river gains 5x following binance perp listing, supported by time-encoded airdrop conversion","river gains 5x following binance perp listing, supported by time-encoded airdrop conversion.","river, gains, following, binance, perp",False,False,False,False,False,False,False,False,False,92,12,0.32,0.0,0.68,0.5719,positive
2025-10-24,What this week's gold-price decline might signal for your investment portfolio,,What this week's gold-price decline might signal for your investment portfolio,Finviz,https://www.marketwatch.com/story/what-this-weeks-gold-price-decline-might-signal-for-your-investment-portfolio-5be75168?mod=mw_FV,what this week's gold-price decline might signal for your investment portfolio,,what this week's gold-price decline might signal for your investment portfolio,what this week's gold-price decline might signal for your investment portfolio.,"week, decline, might, signal, investment",False,False,False,False,False,False,False,False,False,79,11,0.0,0.0,1.0,0.0,neutral
2025-10-24,Stock Market Today: Dow Rallies On Surprise Inflation Data; Deckers Hit On Earnings (Live Coverage),,Stock Market Today: Dow Rallies On Surprise Inflation Data; Deckers Hit On Earnings (Live Coverage),Finviz,https://finance.yahoo.com/m/8ac3d5de-4ca6-3321-9e42-ab7993604539/stock-market-today%3A-dow.html,stock market today: dow rallies on surprise inflation data; deckers hit on earnings (live coverage),,stock market today: dow rallies on surprise inflation data; deckers hit on earnings (live coverage),stock market today: dow rallies on surprise inflation data; deckers hit on earnings (live coverage).,"stock, market, today, dow, rallies",False,False,True,True,False,False,False,False,False,100,15,0.13,0.0,0.87,0.2732,positive
2025-10-24,Stock Market Today: Dow Up Ahead Of Inflation Data; Deckers Hit On Earnings (Live Coverage),,Stock Market Today: Dow Up Ahead Of Inflation Data; Deckers Hit On Earnings (Live Coverage),Finviz,https://finance.yahoo.com/m/8ac3d5de-4ca6-3321-9e42-ab7993604539/stock-market-today%3A-dow-up.html,stock market today: dow up ahead of inflation data; deckers hit on earnings (live coverage),,stock market today: dow up ahead of inflation data; deckers hit on earnings (live coverage),stock market today: dow up ahead of inflation data; deckers hit on earnings (live coverage).,"stock, market, today, dow, ahead",False,False,True,True,False,False,False,False,False,92,15,0.0,0.0,1.0,0.0,neutral
2025-10-23,The race to launch ever-riskier leveraged ETFs in the U.S. is heating up,,The race to launch ever-riskier leveraged ETFs in the U.S. is heating up,Finviz,https://www.marketwatch.com/story/the-race-to-launch-ever-riskier-leveraged-etfs-in-the-u-s-is-heating-up-c634cd84?mod=mw_FV,the race to launch ever-riskier leveraged etfs in the u.s. is heating up,,the race to launch ever-riskier leveraged etfs in the u.s. is heating up,the race to launch ever-riskier leveraged etfs in the u.s. is heating up.,"race, launch, leveraged, etfs, heating",False,False,False,False,False,False,False,False,False,73,13,0.0,0.0,1.0,0.0,neutral
2025-10-23,FBS: The Market Learns to Move Without the Fed,,FBS: The Market Learns to Move Without the Fed,Finviz,https://finance.yahoo.com/m/03b88554-5edc-3f3f-a3a0-1b5c46d6b572/fbs%3A-the-market-learns-to.html,fbs: the market learns to move without the fed,,fbs: the market learns to move without the fed,fbs: the market learns to move without the fed.,"fbs, market, learns, move, without",False,True,False,False,False,False,False,False,False,47,9,0.0,0.0,1.0,0.0,neutral
2025-10-23,10 stocks primed for growth in the S&P 500's cheapest sectors,,10 stocks primed for growth in the S&P 500's cheapest sectors,Finviz,https://www.marketwatch.com/story/10-stocks-primed-for-growth-in-the-s-p-500s-cheapest-sectors-74efe3ce?mod=mw_FV,10 stocks primed for growth in the sp 500's cheapest sectors,,10 stocks primed for growth in the sp 500's cheapest sectors,10 stocks primed for growth in the sp 500's cheapest sectors.,"stocks, primed, growth, cheapest, sectors",True,False,False,False,False,False,False,False,False,61,11,0.206,0.0,0.794,0.3818,positive
2025-10-23,Aster Unveils Rocket Launch: A Gateway to Early-Stage Crypto Projects and Trading Rewards,,Aster Unveils Rocket Launch: A Gateway to Early-Stage Crypto Projects and Trading Rewards,Finviz,https://finance.yahoo.com/m/ac587fbb-d4fc-3b95-8fd1-760dd0df2589/aster-unveils-rocket-launch%3A.html,aster unveils rocket launch: a gateway to early-stage crypto projects and trading rewards,,aster unveils rocket launch: a gateway to early-stage crypto projects and trading rewards,aster unveils rocket launch: a gateway to early-stage crypto projects and trading rewards.,"aster, unveils, rocket, launch, gateway",False,False,False,False,False,False,False,False,False,90,13,0.205,0.0,0.795,0.4767,positive
2025-10-23,Risk Management is Crucial as Chart Support Comes Into Play for SPY. Heres Your Trading Blueprint,,Risk Management is Crucial as Chart Support Comes Into Play for SPY. Heres Your Trading Blueprint,Finviz,https://finance.yahoo.com/m/e2a181e5-15a7-3923-b695-f2d7689b3d46/risk-management-is-crucial-as.html,risk management is crucial as chart support comes into play for spy. heres your trading blueprint,,risk management is crucial as chart support comes into play for spy. heres your trading blueprint,risk management is crucial as chart support comes into play for spy. heres your trading blueprint.,"risk, management, crucial, chart, support",False,False,False,False,False,False,False,False,False,98,16,0.252,0.104,0.644,0.4588,positive
2025-10-23,Stock Market Today: Dow Jones Index Starts To Gain As Tesla Dives On Earnings (Live Coverage),,Stock Market Today: Dow Jones Index Starts To Gain As Tesla Dives On Earnings (Live Coverage),Finviz,https://finance.yahoo.com/m/b3f69a70-49e9-3bef-9aca-3bc457f21690/stock-market-today%3A-dow-jones.html,stock market today: dow jones index starts to gain as tesla dives on earnings (live coverage),,stock market today: dow jones index starts to gain as tesla dives on earnings (live coverage),stock market today: dow jones index starts to gain as tesla dives on earnings (live coverage).,"stock, market, today, dow, jones",False,False,False,True,False,False,False,False,False,94,16,0.185,0.0,0.815,0.5267,positive
2025-10-23,PrimeXBT Appoints Financial Expert Kearabilwe Nonyana as VIP Account Manager in South Africa,,PrimeXBT Appoints Financial Expert Kearabilwe Nonyana as VIP Account Manager in South Africa,Finviz,https://finance.yahoo.com/m/18b6103f-e4bb-375d-8ce8-39b445e55a99/primexbt-appoints-financial.html,primexbt appoints financial expert kearabilwe nonyana as vip account manager in south africa,,primexbt appoints financial expert kearabilwe nonyana as vip account manager in south africa,primexbt appoints financial expert kearabilwe nonyana as vip account manager in south africa.,"primexbt, appoints, financial, expert, kearabilwe",False,False,False,False,False,False,False,False,False,93,13,0.216,0.0,0.784,0.5106,positive
2025-10-23,Roba Shatters Closed Systems: The People's Robotics Platform Launches To Dominate $218b Industry,,Roba Shatters Closed Systems: The People's Robotics Platform Launches To Dominate $218b Industry,Finviz,https://finance.yahoo.com/m/70c4daae-18cf-3b56-a91b-94ec23bc21c1/roba-shatters-closed-systems%3A.html,roba shatters closed systems: the people's robotics platform launches to dominate $218b industry,,roba shatters closed systems: the people's robotics platform launches to dominate $218b industry,roba shatters closed systems: the people's robotics platform launches to dominate $218b industry.,"roba, shatters, closed, systems, people",False,False,False,False,False,False,False,False,False,97,13,0.0,0.111,0.889,-0.128,negative
2025-10-22,Stock Market Today: Dow Drops As Netflix Dives On Earnings Miss; Tesla Results Next (Live Coverage),,Stock Market Today: Dow Drops As Netflix Dives On Earnings Miss; Tesla Results Next (Live Coverage),Finviz,https://finance.yahoo.com/m/66519fc0-c0aa-3d07-ae54-1dfad226336c/stock-market-today%3A-dow-drops.html,stock market today: dow drops as netflix dives on earnings miss; tesla results next (live coverage),,stock market today: dow drops as netflix dives on earnings miss; tesla results next (live coverage),stock market today: dow drops as netflix dives on earnings miss; tesla results next (live coverage).,"stock, market, today, dow, drops",False,False,False,True,False,False,False,False,False,100,16,0.0,0.096,0.904,-0.1531,negative
2025-10-22,Bank ETFs in Red Over the Past Month: Pain or Gain Ahead? (Revised),,Bank ETFs in Red Over the Past Month: Pain or Gain Ahead? (Revised),Finviz,/news/201031/bank-etfs-in-red-over-the-past-month-pain-or-gain-ahead-revised,bank etfs in red over the past month: pain or gain ahead? (revised),,bank etfs in red over the past month: pain or gain ahead? (revised),bank etfs in red over the past month: pain or gain ahead? (revised).,"bank, etfs, red, over, past",False,False,False,False,False,True,False,False,False,68,13,0.192,0.186,0.621,0.0258,neutral
2025-10-22,Why SPY Bled $31B This Year,,Why SPY Bled $31B This Year,Finviz,https://finance.yahoo.com/m/d394ff0a-e017-3443-8bea-3a8c68192745/why-spy-bled-%2431b-this-year.html,why spy bled $31b this year,,why spy bled $31b this year,why spy bled $31b this year.,"spy, bled, year",False,False,False,False,False,False,False,False,False,28,6,0.0,0.0,1.0,0.0,neutral
2025-10-22,Stock Market Today: Dow Wavers As Netflix Dives On Earnings Miss; Tesla Results Next (Live Coverage),,Stock Market Today: Dow Wavers As Netflix Dives On Earnings Miss; Tesla Results Next (Live Coverage),Finviz,https://finance.yahoo.com/m/66519fc0-c0aa-3d07-ae54-1dfad226336c/stock-market-today%3A-dow.html,stock market today: dow wavers as netflix dives on earnings miss; tesla results next (live coverage),,stock market today: dow wavers as netflix dives on earnings miss; tesla results next (live coverage),stock market today: dow wavers as netflix dives on earnings miss; tesla results next (live coverage).,"stock, market, today, dow, wavers",False,False,False,True,False,False,False,False,False,101,16,0.0,0.096,0.904,-0.1531,negative
2025-10-22,The Simplest Buffett-Inspired Portfolio You Can Build With Just $500,,The Simplest Buffett-Inspired Portfolio You Can Build With Just $500,Finviz,/news/200187/the-simplest-buffett-inspired-portfolio-you-can-build-with-just-500,the simplest buffett-inspired portfolio you can build with just $500,,the simplest buffett-inspired portfolio you can build with just $500,the simplest buffett-inspired portfolio you can build with just $500.,"simplest, portfolio, build",False,False,False,False,False,False,False,False,False,69,10,0.0,0.0,1.0,0.0,neutral
2025-10-22,Stock Market Today: Dow Falls As Netflix Dives On Earnings Miss; Tesla Results Next (Live Coverage),,Stock Market Today: Dow Falls As Netflix Dives On Earnings Miss; Tesla Results Next (Live Coverage),Finviz,https://finance.yahoo.com/m/66519fc0-c0aa-3d07-ae54-1dfad226336c/stock-market-today%3A-dow-falls.html,stock market today: dow falls as netflix dives on earnings miss; tesla results next (live coverage),,stock market today: dow falls as netflix dives on earnings miss; tesla results next (live coverage),stock market today: dow falls as netflix dives on earnings miss; tesla results next (live coverage).,"stock, market, today, dow, falls",False,False,False,True,False,False,False,False,False,100,16,0.0,0.096,0.904,-0.1531,negative
2025-10-21,Stock Market Today: Dow Inches Up Near Record; GM Stock Surges On Earnings (Live Coverage),,Stock Market Today: Dow Inches Up Near Record; GM Stock Surges On Earnings (Live Coverage),Finviz,https://finance.yahoo.com/m/f1f4fb8a-228b-3264-9bd2-5ad6f6d549b8/stock-market-today%3A-dow.html,stock market today: dow inches up near record; gm stock surges on earnings (live coverage),,stock market today: dow inches up near record; gm stock surges on earnings (live coverage),stock market today: dow inches up near record; gm stock surges on earnings (live coverage).,"stock, market, today, dow, inches",False,False,False,True,False,False,False,False,False,91,15,0.0,0.0,1.0,0.0,neutral
2025-10-21,Bank ETFs in Red Over the Past Month: Pain or Gain Ahead?,,Bank ETFs in Red Over the Past Month: Pain or Gain Ahead?,Finviz,/news/198628/bank-etfs-in-red-over-the-past-month-pain-or-gain-ahead,bank etfs in red over the past month: pain or gain ahead?,,bank etfs in red over the past month: pain or gain ahead?,bank etfs in red over the past month: pain or gain ahead?.,"bank, etfs, red, over, past",False,False,False,False,False,True,False,False,False,58,12,0.204,0.198,0.599,0.0258,neutral
2025-10-20,Limitless Prediction Market Closes $10M Seed Round Ahead of LMTS Token Launch,,Limitless Prediction Market Closes $10M Seed Round Ahead of LMTS Token Launch,Finviz,https://finance.yahoo.com/m/3c156e19-2aee-35e6-b3d7-2c2d2e558afd/limitless-prediction-market.html,limitless prediction market closes $10m seed round ahead of lmts token launch,,limitless prediction market closes $10m seed round ahead of lmts token launch,limitless prediction market closes $10m seed round ahead of lmts token launch.,"limitless, prediction, market, closes, seed",False,False,False,False,False,False,False,False,False,78,12,0.0,0.0,1.0,0.0,neutral
2025-10-20,Biotech ETFs Bounce Back in 2025: Here's Why,,Biotech ETFs Bounce Back in 2025: Here's Why,Finviz,/news/197172/biotech-etfs-bounce-back-in-2025-heres-why,biotech etfs bounce back in 2025: here's why,,biotech etfs bounce back in 2025: here's why,biotech etfs bounce back in 2025: here's why.,"biotech, etfs, bounce, back",False,False,False,False,False,False,False,False,False,45,8,0.0,0.0,1.0,0.0,neutral
2025-10-20,"Stock Market Today: Dow Rises Ahead Of U.S.-China Trade Talks; Netflix, Tesla Earnings Loom (Live Coverage)",,"Stock Market Today: Dow Rises Ahead Of U.S.-China Trade Talks; Netflix, Tesla Earnings Loom (Live Coverage)",Finviz,https://finance.yahoo.com/m/6feac10b-bda0-3094-8490-86888db2fcc6/stock-market-today%3A-dow-rises.html,"stock market today: dow rises ahead of u.s.-china trade talks; netflix, tesla earnings loom (live coverage)",,"stock market today: dow rises ahead of u.s.-china trade talks; netflix, tesla earnings loom (live coverage)","stock market today: dow rises ahead of u.s.-china trade talks; netflix, tesla earnings loom (live coverage).","stock, market, today, dow, rises",False,False,False,True,False,False,False,False,False,108,16,0.0,0.112,0.888,-0.2263,negative
2025-10-20,OGRD Alliance Expands OncoVix and PLPC-DB Initiatives from the Emirates to Asia and MENA Regions,,OGRD Alliance Expands OncoVix and PLPC-DB Initiatives from the Emirates to Asia and MENA Regions,Finviz,https://finance.yahoo.com/m/bddad53b-9772-3a0e-bcf2-5a5a8be17261/ogrd-alliance-expands-oncovix.html,ogrd alliance expands oncovix and plpc-db initiatives from the emirates to asia and mena regions,,ogrd alliance expands oncovix and plpc-db initiatives from the emirates to asia and mena regions,ogrd alliance expands oncovix and plpc-db initiatives from the emirates to asia and mena regions.,"ogrd, alliance, expands, oncovix, initiatives",False,False,False,False,False,False,False,False,False,97,15,0.091,0.0,0.909,0.1027,positive
2025-10-20,Daily ETF Flows: SPY Tops the List,,Daily ETF Flows: SPY Tops the List,Finviz,https://finance.yahoo.com/m/b6b594d6-0dd3-3e47-9101-7f2f73832cf4/daily-etf-flows%3A-spy-tops-the.html,daily etf flows: spy tops the list,,daily etf flows: spy tops the list,daily etf flows: spy tops the list.,"daily, etf, flows, spy, tops",False,False,False,False,False,False,False,False,False,35,7,0.355,0.0,0.645,0.5106,positive
2025-10-18,Billionaire Tim Draper Leads $3.2M Seed Round for Ryder to Replace Seed Phrases With TapSafe Recovery,,Billionaire Tim Draper Leads $3.2M Seed Round for Ryder to Replace Seed Phrases With TapSafe Recovery,Finviz,https://finance.yahoo.com/m/2d34b538-6fe0-329e-94d4-547643adf302/billionaire-tim-draper-leads.html,billionaire tim draper leads $3.2m seed round for ryder to replace seed phrases with tapsafe recovery,,billionaire tim draper leads $3.2m seed round for ryder to replace seed phrases with tapsafe recovery,billionaire tim draper leads $3.2m seed round for ryder to replace seed phrases with tapsafe recovery.,"seed, billionaire, tim, draper, leads",False,False,False,False,False,False,False,False,False,102,16,0.0,0.0,1.0,0.0,neutral
2025-10-17,"Stock Market Today: Dow Up Amid Bank Fears; Eli Lilly, Novo Sell Off On Trump Comments (Live Coverage)",,"Stock Market Today: Dow Up Amid Bank Fears; Eli Lilly, Novo Sell Off On Trump Comments (Live Coverage)",Finviz,https://finance.yahoo.com/m/8a2ab306-1e28-3b5b-b058-6775316d96ec/stock-market-today%3A-dow-up.html,"stock market today: dow up amid bank fears; eli lilly, novo sell off on trump comments (live coverage)",,"stock market today: dow up amid bank fears; eli lilly, novo sell off on trump comments (live coverage)","stock market today: dow up amid bank fears; eli lilly, novo sell off on trump comments (live coverage).","stock, market, today, dow, amid",False,False,False,False,False,True,False,False,False,103,18,0.0,0.141,0.859,-0.4215,negative
2025-10-17,B2PRIME Accelerates Institutional Expansion with Strategic Hires from iSAM Securities,,B2PRIME Accelerates Institutional Expansion with Strategic Hires from iSAM Securities,Finviz,https://finance.yahoo.com/m/09bbebd8-efb1-3c29-a962-ce5c35b9dbf2/b2prime-accelerates.html,b2prime accelerates institutional expansion with strategic hires from isam securities,,b2prime accelerates institutional expansion with strategic hires from isam securities,b2prime accelerates institutional expansion with strategic hires from isam securities.,"accelerates, institutional, expansion, strategic, hires",False,False,False,False,False,False,False,False,False,86,10,0.196,0.0,0.804,0.296,positive
2025-10-17,ETFs to Gain Amid Latest U.S. Regional Banking Worries,,ETFs to Gain Amid Latest U.S. Regional Banking Worries,Finviz,/news/195995/etfs-to-gain-amid-latest-us-regional-banking-worries,etfs to gain amid latest u.s. regional banking worries,,etfs to gain amid latest u.s. regional banking worries,etfs to gain amid latest u.s. regional banking worries.,"etfs, gain, amid, latest, regional",False,False,False,False,False,True,False,False,False,55,9,0.258,0.212,0.53,0.1531,positive
2025-10-17,"Stock Market Today: Dow Wavers Amid Bank Fears; Eli Lilly, Novo Sell Off On Trump Comments (Live Coverage)",,"Stock Market Today: Dow Wavers Amid Bank Fears; Eli Lilly, Novo Sell Off On Trump Comments (Live Coverage)",Finviz,https://finance.yahoo.com/m/8a2ab306-1e28-3b5b-b058-6775316d96ec/stock-market-today%3A-dow.html,"stock market today: dow wavers amid bank fears; eli lilly, novo sell off on trump comments (live coverage)",,"stock market today: dow wavers amid bank fears; eli lilly, novo sell off on trump comments (live coverage)","stock market today: dow wavers amid bank fears; eli lilly, novo sell off on trump comments (live coverage).","stock, market, today, dow, wavers",False,False,False,False,False,True,False,False,False,107,18,0.0,0.141,0.859,-0.4215,negative
2025-10-17,"Stock Market Today: Dow Falls Amid Bank Fears; Eli Lilly, Novo Sell Off On Trump Comments (Live Coverage)",,"Stock Market Today: Dow Falls Amid Bank Fears; Eli Lilly, Novo Sell Off On Trump Comments (Live Coverage)",Finviz,https://finance.yahoo.com/m/8a2ab306-1e28-3b5b-b058-6775316d96ec/stock-market-today%3A-dow-falls.html,"stock market today: dow falls amid bank fears; eli lilly, novo sell off on trump comments (live coverage)",,"stock market today: dow falls amid bank fears; eli lilly, novo sell off on trump comments (live coverage)","stock market today: dow falls amid bank fears; eli lilly, novo sell off on trump comments (live coverage).","stock, market, today, dow, falls",False,False,False,False,False,True,False,False,False,106,18,0.0,0.141,0.859,-0.4215,negative
2025-10-17,"Stock Market Today: Dow Edges Up Amid Bank Fears; Eli Lilly, Novo Sell Off On Trump Comments (Live Coverage)",,"Stock Market Today: Dow Edges Up Amid Bank Fears; Eli Lilly, Novo Sell Off On Trump Comments (Live Coverage)",Finviz,https://finance.yahoo.com/m/8a2ab306-1e28-3b5b-b058-6775316d96ec/stock-market-today%3A-dow-edges.html,"stock market today: dow edges up amid bank fears; eli lilly, novo sell off on trump comments (live coverage)",,"stock market today: dow edges up amid bank fears; eli lilly, novo sell off on trump comments (live coverage)","stock market today: dow edges up amid bank fears; eli lilly, novo sell off on trump comments (live coverage).","stock, market, today, dow, edges",False,False,False,False,False,True,False,False,False,109,19,0.0,0.135,0.865,-0.4215,negative
2025-10-16,Will the Q3 Earnings Season Prove Positive for the Market?,,Will the Q3 Earnings Season Prove Positive for the Market?,Finviz,/news/195519/will-the-q3-earnings-season-prove-positive-for-the-market,will the q3 earnings season prove positive for the market?,,will the q3 earnings season prove positive for the market?,will the q3 earnings season prove positive for the market?.,"earnings, season, prove, positive, market",False,False,False,True,False,False,False,False,False,59,10,0.286,0.0,0.714,0.5574,positive
