prediction_date,data_date,direction,confidence,prob_up,prob_down
2025-08-19 00:00:00,2025-08-19,UP,0.6333210468292236,0.6333210468292236,0.3666789531707763
2025-08-20 00:00:00,2025-08-20,UP,0.8840197324752808,0.8840197324752808,0.1159802675247192
2025-08-21 00:00:00,2025-08-21,UP,0.8365845084190369,0.8365845084190369,0.1634154915809631
2025-08-22 00:00:00,2025-08-22,UP,0.5196577906608582,0.5196577906608582,0.4803422093391418
2025-08-25 00:00:00,2025-08-25,UP,0.7137383222579956,0.7137383222579956,0.2862616777420044
2025-08-26 00:00:00,2025-08-26,UP,0.7139811515808105,0.7139811515808105,0.2860188484191894
2025-08-27 00:00:00,2025-08-27,UP,0.7833333015441895,0.7833333015441895,0.2166666984558105
2025-08-28 00:00:00,2025-08-28,DOWN,0.5540287494659424,0.4459712207317352,0.5540287494659424
2025-08-29 00:00:00,2025-08-29,UP,0.8636647462844849,0.8636647462844849,0.1363352537155151
2025-09-02 00:00:00,2025-09-02,UP,0.7227882742881775,0.7227882742881775,0.2772117257118225
2025-09-03 00:00:00,2025-09-03,UP,0.8341578245162964,0.8341578245162964,0.1658421754837036
2025-09-04 00:00:00,2025-09-04,UP,0.7574916481971741,0.7574916481971741,0.2425083518028259
2025-09-05 00:00:00,2025-09-05,UP,0.7679552435874939,0.7679552435874939,0.2320447564125061
2025-09-08 00:00:00,2025-09-08,UP,0.8631059527397156,0.8631059527397156,0.1368940472602844
2025-09-09 00:00:00,2025-09-09,UP,0.7770470380783081,0.7770470380783081,0.2229529619216919
2025-09-10 00:00:00,2025-09-10,UP,0.651182234287262,0.651182234287262,0.348817765712738
2025-09-11 00:00:00,2025-09-11,DOWN,0.5045243501663208,0.4954756498336792,0.5045243501663208
2025-09-12 00:00:00,2025-09-12,UP,0.6313115954399109,0.6313115954399109,0.3686884045600891
2025-09-15 00:00:00,2025-09-15,UP,0.7168625593185425,0.7168625593185425,0.2831374406814575
2025-09-16 00:00:00,2025-09-16,UP,0.798988401889801,0.798988401889801,0.2010115981101989
2025-09-17 00:00:00,2025-09-17,UP,0.759950578212738,0.759950578212738,0.2400494217872619
2025-09-18 00:00:00,2025-09-18,UP,0.7260332107543945,0.7260332107543945,0.2739667892456054
2025-09-19 00:00:00,2025-09-19,DOWN,0.776027262210846,0.2239727228879928,0.776027262210846
2025-09-22 00:00:00,2025-09-22,DOWN,0.6734181046485901,0.3265818953514099,0.6734181046485901
2025-09-23 00:00:00,2025-09-23,UP,0.5631127953529358,0.5631127953529358,0.4368872046470642
2025-09-24 00:00:00,2025-09-24,UP,0.6751208901405334,0.6751208901405334,0.3248791098594665
2025-09-25 00:00:00,2025-09-25,UP,0.7502264380455017,0.7502264380455017,0.2497735619544983
2025-09-26 00:00:00,2025-09-26,DOWN,0.55830979347229,0.4416901767253876,0.55830979347229
2025-09-29 00:00:00,2025-09-29,UP,0.6223946809768677,0.6223946809768677,0.3776053190231323
2025-09-30 00:00:00,2025-09-30,DOWN,0.554145336151123,0.4458546936511993,0.554145336151123
2025-10-01 00:00:00,2025-10-01,UP,0.5541426539421082,0.5541426539421082,0.4458573460578918
2025-10-02 00:00:00,2025-10-02,DOWN,0.5450791120529175,0.4549208581447601,0.5450791120529175
2025-10-03 00:00:00,2025-10-03,UP,0.572121798992157,0.572121798992157,0.427878201007843
2025-10-06 00:00:00,2025-10-06,DOWN,0.5522668361663818,0.4477331340312958,0.5522668361663818
2025-10-07 00:00:00,2025-10-07,UP,0.8793512582778931,0.8793512582778931,0.1206487417221069
2025-10-08 00:00:00,2025-10-08,UP,0.7753305435180664,0.7753305435180664,0.2246694564819336
2025-10-09 00:00:00,2025-10-09,UP,0.738867461681366,0.738867461681366,0.261132538318634
2025-10-10 00:00:00,2025-10-10,UP,0.6468549370765686,0.6468549370765686,0.3531450629234314
2025-10-13 00:00:00,2025-10-13,UP,0.6974029541015625,0.6974029541015625,0.3025970458984375
2025-10-14 00:00:00,2025-10-14,UP,0.7173318862915039,0.7173318862915039,0.2826681137084961
2025-10-15 00:00:00,2025-10-15,UP,0.5822699069976807,0.5822699069976807,0.4177300930023193
2025-10-16 00:00:00,2025-10-16,UP,0.794185996055603,0.794185996055603,0.2058140039443969
2025-10-17 00:00:00,2025-10-17,UP,0.7130116820335388,0.7130116820335388,0.2869883179664612
2025-10-20 00:00:00,2025-10-20,UP,0.7455674409866333,0.7455674409866333,0.2544325590133667
2025-10-21 00:00:00,2025-10-21,UP,0.7929791808128357,0.7929791808128357,0.2070208191871643
2025-10-22 00:00:00,2025-10-22,UP,0.9228520393371582,0.9228520393371582,0.0771479606628418
2025-10-23 00:00:00,2025-10-23,UP,0.6965709328651428,0.6965709328651428,0.3034290671348572
2025-10-24 00:00:00,2025-10-24,UP,0.7379315495491028,0.7379315495491028,0.2620684504508972
2025-10-27 00:00:00,2025-10-27,UP,0.6825283169746399,0.6825283169746399,0.3174716830253601
2025-10-28 00:00:00,2025-10-28,UP,0.6703522205352783,0.6703522205352783,0.3296477794647217
2025-10-29 00:00:00,2025-10-29,UP,0.787746012210846,0.787746012210846,0.212253987789154
2025-10-30 00:00:00,2025-10-30,DOWN,0.6025567054748535,0.3974432945251465,0.6025567054748535
2025-10-31 00:00:00,2025-10-31,DOWN,0.7937039136886597,0.2062960863113403,0.7937039136886597
2025-11-03 00:00:00,2025-11-03,UP,0.5448063015937805,0.5448063015937805,0.4551936984062195
2025-11-04 00:00:00,2025-11-04,UP,0.7364892363548279,0.7364892363548279,0.2635107636451721
2025-11-05 00:00:00,2025-11-05,DOWN,0.5809261798858643,0.4190738499164581,0.5809261798858643
2025-11-06 00:00:00,2025-11-06,UP,0.5561943650245667,0.5561943650245667,0.4438056349754333
2025-11-07 00:00:00,2025-11-07,UP,0.7001000642776489,0.7001000642776489,0.2998999357223511
2025-11-10 00:00:00,2025-11-10,UP,0.5755752921104431,0.5755752921104431,0.4244247078895569
2025-11-13 23:22:52,2025-11-11,UP,0.5909682512283325,0.5909682512283325,0.4090317487716675
2025-11-13 22:01:37,2025-11-11,UP,0.5909682512283325,0.5909682512283325,0.4090317487716675
2025-11-14 00:15:33,2025-11-11,UP,0.5909682512283325,0.5909682512283325,0.4090317487716675
